Algorithm,Silhouette_Score,Calinski_Harabasz_Score,Davies_Bouldin_Score,Num_Clusters,Noise_Points
MiniBatchKMeans,0.3113292929467335,13358.373689837706,1.2975636636289423,8,0
Hierarchical,0.3735063991109422,262.3068851723338,1.1438897848166936,8,0
HDBSCAN,0.48015011777171784,325.1129230076529,0.8172783899050479,14,401
