{
  "metrics": {
    "silhouette_score": 0.999674089684762,
    "davies_bouldin_index": 0.0007769166963659874,
    "calinski_harabasz_index": 2.030325696022943e+30,
    "num_points": 30000,
    "num_clusters": 86,
    "num_noise": 0
  },
  "cluster_sizes": {
    "0": 507,
    "1": 556,
    "2": 565,
    "3": 541,
    "4": 528,
    "5": 544,
    "6": 255,
    "7": 280,
    "8": 553,
    "9": 542,
    "10": 541,
    "11": 173,
    "12": 159,
    "13": 259,
    "14": 271,
    "15": 578,
    "16": 536,
    "17": 567,
    "18": 545,
    "19": 264,
    "20": 302,
    "21": 529,
    "22": 264,
    "23": 558,
    "24": 193,
    "25": 501,
    "26": 177,
    "27": 200,
    "28": 164,
    "29": 31,
    "30": 23,
    "31": 152,
    "32": 252,
    "33": 219,
    "34": 534,
    "35": 518,
    "36": 279,
    "37": 546,
    "38": 271,
    "39": 536,
    "40": 151,
    "41": 537,
    "42": 192,
    "43": 183,
    "44": 285,
    "45": 248,
    "46": 261,
    "47": 554,
    "48": 279,
    "49": 519,
    "50": 182,
    "51": 519,
    "52": 167,
    "53": 169,
    "54": 259,
    "55": 229,
    "56": 290,
    "57": 264,
    "58": 539,
    "59": 264,
    "60": 261,
    "61": 527,
    "62": 167,
    "63": 525,
    "64": 545,
    "65": 189,
    "66": 159,
    "67": 170,
    "68": 174,
    "69": 255,
    "70": 540,
    "71": 282,
    "72": 559,
    "73": 173,
    "74": 277,
    "75": 530,
    "76": 273,
    "77": 255,
    "78": 535,
    "79": 532,
    "80": 193,
    "81": 177,
    "82": 556,
    "83": 278,
    "84": 243,
    "85": 521
  },
  "severity_counts": {
    "P2": 11301,
    "P1": 11108,
    "P0": 7591
  }
}